City_ID,City,Lat,Lng,Max Temp,Humidity,Cloudiness,Wind Speed,Country,Date
0,tazovsky,67.4667,78.7,65.01,52,88,14.34,RU,1722764684
1,mount pearl,47.5166,-52.7813,66.54,92,75,14.97,CA,1722764685
2,paulden,34.8856,-112.4682,73.17,65,12,3.0,US,1722764687
3,yellowknife,62.456,-114.3525,60.42,77,75,5.75,CA,1722764419
4,wailua homesteads,22.0669,-159.378,77.79,89,20,10.36,US,1722764689
5,vernon,50.2581,-119.2691,76.3,45,100,6.91,CA,1722764476
6,west island,-12.1568,96.8225,82.38,61,42,8.05,CC,1722764691
7,edinburgh of the seven seas,-37.0676,-12.3116,55.54,87,87,30.33,SH,1722764692
8,port-aux-francais,-49.35,70.2167,34.41,89,93,38.92,TF,1722764693
9,bredasdorp,-34.5322,20.0403,50.49,78,100,18.7,ZA,1722764695
10,santa cruz,-17.8,-63.1667,72.86,88,40,8.05,BO,1722764696
11,mejit,10.2753,170.8646,82.54,80,22,10.56,MH,1722764697
12,polyarnyy,69.1989,33.4478,59.86,65,5,12.97,RU,1722764428
13,papatowai,-46.5619,169.4708,41.63,79,100,6.31,NZ,1722764699
14,contai,21.7786,87.7536,89.02,64,57,12.28,IN,1722764700
15,hermanus,-34.4187,19.2345,50.81,67,99,21.47,ZA,1722764701
16,cabo san lucas,22.8909,-109.9124,84.61,57,100,7.0,MX,1722764644
17,utrik,11.2278,169.8474,83.14,79,99,12.12,MH,1722764704
18,bethel,41.3712,-73.414,73.49,90,75,4.61,US,1722764452
19,nuku'alofa,-21.1333,-175.2,70.14,94,40,3.44,TO,1722764706
20,north bend,43.4065,-124.2243,61.25,88,100,4.61,US,1722764707
21,kasempa,-13.4584,25.8338,83.77,13,6,7.02,ZM,1722764708
22,stanley,54.868,-1.6985,60.82,77,20,8.05,GB,1722764710
23,albany,42.6001,-73.9662,71.55,63,57,2.98,US,1722764711
24,aswan,24.0934,32.907,103.3,39,0,9.22,EG,1722764712
25,yoloten,37.2989,62.3597,104.86,9,0,16.31,TM,1722764713
26,ugoofaaru,5.6667,73.0,82.63,69,100,7.02,MV,1722764715
27,alo,6.5486,4.2686,79.27,79,97,7.54,NG,1722764716
28,blackmans bay,-43.0167,147.3167,48.33,77,6,5.44,AU,1722764718
29,port mathurin,-19.6833,63.4167,72.05,71,35,14.32,MU,1722764719
30,hamilton,39.1834,-84.5333,71.24,95,100,4.61,US,1722764610
31,waitangi,-43.9535,-176.5597,45.82,76,99,4.0,NZ,1722764721
32,puerto ayora,-0.7393,-90.3518,67.55,95,35,4.0,EC,1722764722
33,kerikeri,-35.2268,173.9474,52.92,87,100,4.0,NZ,1722764723
34,colonia,50.9333,6.95,71.42,80,75,6.91,DE,1722764457
35,magadi,12.9667,77.2333,84.36,62,100,13.94,IN,1722764726
36,trairi,-3.2778,-39.2689,72.97,70,2,11.12,BR,1722764441
37,grytviken,-54.2811,-36.5092,22.23,94,100,10.71,GS,1722764728
38,mount isa,-20.7333,139.5,64.17,55,6,4.61,AU,1722764729
39,zavoronezhskoye,52.8801,40.5526,62.56,85,100,4.59,RU,1722764730
40,piacabucu,-10.4056,-36.4344,75.24,69,29,13.15,BR,1722764731
41,crane,31.3974,-102.3501,81.14,49,52,7.31,US,1722764733
42,kapuskasing,49.4169,-82.4331,53.69,87,75,5.75,CA,1722764522
43,alice springs,-23.7,133.8833,54.95,76,100,4.61,AU,1722764735
44,petropavlovsk-kamchatsky,53.0452,158.6483,59.59,72,0,6.71,RU,1722764736
45,adamstown,-25.066,-130.1015,69.62,75,74,16.73,PN,1722764737
46,viedma,-40.8135,-62.9967,42.98,62,1,7.23,AR,1722764738
47,badger,64.8,-147.5333,55.31,94,40,6.91,US,1722764740
48,iskateley,67.6803,53.1512,63.0,52,3,20.49,RU,1722764741
49,hithadhoo,-0.6,73.0833,83.43,67,58,3.27,MV,1722764742
50,ciudad melchor muzquiz,27.8833,-101.5167,81.0,52,6,0.78,MX,1722764648
51,al-hamdaniya,36.2715,43.3737,107.11,9,0,10.76,IQ,1722764744
52,le vauclin,14.5452,-60.8388,78.85,94,100,8.05,MQ,1722764746
53,souillac,-20.5167,57.5167,75.58,60,20,5.75,MU,1722764748
54,lompoc,34.6391,-120.4579,55.62,94,100,6.91,US,1722764749
55,saipan,15.1355,145.701,77.7,88,100,9.22,MP,1722764750
56,thompson,55.7435,-97.8558,44.76,93,75,0.0,CA,1722764751
57,whitehorse,60.7161,-135.0538,48.97,76,20,3.44,CA,1722764752
58,alaghsas,17.0187,8.0168,78.69,78,20,8.05,NE,1722764753
59,callao,-12.0667,-77.15,62.73,77,100,4.61,PE,1722764755
60,lihue,21.9789,-159.3672,78.39,81,20,10.36,US,1722764756
61,afaahiti,-17.75,-149.2833,71.47,68,94,11.74,PF,1722764757
62,nogliki,51.8333,143.1667,51.39,82,0,7.09,RU,1722764758
63,sishui,35.6489,117.2758,88.93,76,7,10.6,CN,1722764759
64,georgetown,5.4112,100.3354,85.95,74,20,6.91,MY,1722764760
65,paphos,34.7667,32.4167,93.24,62,20,9.22,CY,1722764761
66,andalgala,-27.5819,-66.3165,45.91,53,0,4.36,AR,1722764763
67,aasiaat,68.7098,-52.8699,39.47,89,41,9.24,GL,1722764764
68,pico truncado,-46.7949,-67.9573,34.0,86,46,4.88,AR,1722764765
69,arkhangel'sk,64.5401,40.5433,68.11,64,20,11.18,RU,1722764555
70,horta,38.5333,-28.6333,78.44,90,20,11.5,PT,1722764767
71,severo-yeniseyskiy,60.3725,93.0408,73.92,35,34,3.89,RU,1722764768
72,vershino-darasunskiy,52.35,115.5167,59.45,85,100,6.49,RU,1722764770
73,xining,36.6167,101.7667,79.61,40,3,7.67,CN,1722764771
74,longyearbyen,78.2186,15.6401,51.64,93,75,3.44,SJ,1722764772
75,smarhon,54.4791,26.3934,71.64,51,9,8.05,BY,1722764773
76,vikasnagar,30.4683,77.775,88.74,77,78,3.85,IN,1722764774
77,north battleford,52.7834,-108.2847,55.49,88,40,12.66,CA,1722764775
78,talnakh,69.4865,88.3972,64.89,38,3,18.48,RU,1722764777
79,bel ombre,-4.6167,55.4167,82.24,74,40,6.91,SC,1722764779
80,vadso,70.0744,29.7487,59.88,87,100,11.5,NO,1722764780
81,midvagur,62.0511,-7.1939,54.43,87,75,16.11,FO,1722764781
82,kodiak,57.79,-152.4072,53.11,94,100,8.05,US,1722764782
83,coquimbo,-29.9533,-71.3436,51.53,91,0,5.75,CL,1722764781
84,brisas barra de suchiate,14.55,-92.2167,75.38,83,98,3.65,MX,1722764785
85,udachny,66.4167,112.4,69.13,43,72,4.23,RU,1722764786
86,thurso,58.5927,-3.5259,58.86,79,98,7.85,GB,1722764787
87,gobabis,-22.45,18.9667,82.58,12,0,17.34,NA,1722764788
88,oriximina,-1.7656,-55.8661,73.45,67,27,4.43,BR,1722764789
89,enewetak,11.3474,162.3373,84.36,73,94,7.72,MH,1722764790
90,margaret river,-33.95,115.0667,58.19,68,70,11.12,AU,1722764792
91,zeya,53.75,127.2667,61.32,97,100,8.37,RU,1722764793
92,isafjordur,66.0755,-23.124,50.04,76,75,17.27,IS,1722764794
93,ola,59.5833,151.2833,54.68,81,16,7.49,RU,1722764795
94,smithers,54.7804,-127.1743,52.12,76,0,0.0,CA,1722764704
95,akureyri,65.6835,-18.0878,55.33,62,75,2.3,IS,1722764797
96,sisimiut,66.9395,-53.6735,44.11,80,8,2.33,GL,1722764799
97,kapa'a,22.0752,-159.319,79.12,86,20,10.36,US,1722764800
98,invercargill,-46.4,168.35,40.01,94,100,1.99,NZ,1722764801
99,zarnesti,45.3,26.8667,76.59,49,82,9.08,RO,1722764802
100,muynoq,43.7683,59.0214,95.04,19,12,12.82,UZ,1722764804
101,port lincoln,-34.7333,135.8667,51.33,89,100,2.68,AU,1722764806
102,qaqortoq,60.7167,-46.0333,46.22,75,60,2.06,GL,1722764807
103,bilibino,68.0546,166.4372,45.39,71,96,4.59,RU,1722764808
104,plettenberg bay,-34.0527,23.3716,53.2,79,100,23.51,ZA,1722764809
105,dickson,36.077,-87.3878,70.56,97,20,0.0,US,1722764810
106,sabang,5.8933,95.3214,81.23,79,100,13.65,ID,1722764811
107,praia,14.9215,-23.5087,79.34,89,75,3.44,CV,1722764814
108,tiksi,71.6872,128.8694,49.35,64,86,5.55,RU,1722764815
109,khandyga,62.6667,135.6,61.65,61,40,2.15,RU,1722764816
110,atafu village,-8.5421,-172.5159,83.43,77,100,16.2,TK,1722764817
111,nadym,65.5333,72.5167,71.01,74,100,14.63,RU,1722764818
112,dongsheng,39.8161,109.9776,84.69,25,48,6.58,CN,1722764819
113,kone,-21.0595,164.8658,62.47,73,0,7.09,NC,1722764821
114,saldanha,-33.0117,17.9442,57.25,59,100,19.57,ZA,1722764822
115,labrador city,52.9463,-66.9114,55.31,82,0,4.61,CA,1722764824
116,vikhorevka,56.1201,101.1636,67.59,49,13,9.22,RU,1722764825
117,'ain deheb,34.8422,1.547,87.39,15,0,6.82,DZ,1722764826
118,flin flon,54.7682,-101.865,56.37,51,100,3.69,CA,1722764827
119,lemvig,56.5486,8.3102,64.2,72,98,16.11,DK,1722764829
120,arraial do cabo,-22.9661,-42.0278,71.46,83,0,10.36,BR,1722764830
121,sedziszow,50.5659,20.0556,75.07,44,86,7.34,PL,1722764831
122,richards bay,-28.783,32.0377,91.02,21,42,11.81,ZA,1722764833
123,saint-pierre,-21.3393,55.4781,76.68,53,0,9.22,RE,1722764834
124,keflavik,64.0049,-22.5624,55.31,71,75,20.71,IS,1722764836
125,jamestown,42.097,-79.2353,67.71,100,100,3.44,US,1722764137
126,santa vitoria do palmar,-33.5189,-53.3681,50.97,88,53,2.91,BR,1722764838
127,ambad,19.6167,75.8,75.36,87,100,16.17,IN,1722764839
128,naduvannur,11.4875,75.7759,85.1,66,97,6.53,IN,1722764840
129,murghob,38.1702,73.9667,70.02,25,57,3.22,TJ,1722764841
130,nizhnyaya tavda,57.6731,66.1725,73.62,57,91,3.89,RU,1722764842
131,sao geraldo do araguaia,-6.4006,-48.555,71.51,50,5,4.05,BR,1722764844
132,oban,56.4127,-5.4706,58.37,82,100,12.66,GB,1722764845
133,al hazm,16.1641,44.7769,95.34,22,52,11.25,YE,1722764846
134,kidal,18.4411,1.4078,86.49,47,96,9.64,ML,1722764847
135,vrede,-27.4257,29.1659,75.63,16,2,19.77,ZA,1722764848
136,daltonganj,24.0333,84.0667,89.22,64,70,6.89,IN,1722764849
137,maintirano,-18.0667,44.0167,79.77,59,5,13.02,MG,1722764851
138,iqaluit,63.7506,-68.5145,40.73,86,100,4.61,CA,1722764588
139,kuanda,56.3161,116.0806,59.02,89,100,1.97,RU,1722764853
140,la passe,45.5549,-0.8967,76.41,68,80,5.23,FR,1722764854
141,kruisfontein,-34.0033,24.7314,62.89,62,99,29.68,ZA,1722764855
142,ushuaia,-54.8,-68.3,28.06,64,40,12.66,AR,1722764581
143,fortuna,40.5982,-124.1573,57.92,97,100,0.0,US,1722764857
144,comodoro rivadavia,-45.8667,-67.5,39.06,70,0,0.0,AR,1722764803
145,tralee,52.2704,-9.7026,62.85,82,100,16.11,IE,1722764860
146,puerto natales,-51.7236,-72.4875,32.43,98,100,2.89,CL,1722764861
147,dunay,42.8803,132.3375,64.35,89,78,16.78,RU,1722764862
148,kill devil hills,36.0307,-75.676,80.62,83,0,9.22,US,1722764863
149,la maddalena,41.2142,9.4083,91.45,63,0,18.61,IT,1722764850
150,torzhok,57.0436,34.9622,69.03,70,98,5.79,RU,1722764865
151,al kharj,24.155,47.3346,108.18,9,86,11.14,SA,1722764867
152,mazagao,-0.115,-51.2894,82.45,95,10,2.26,BR,1722764868
153,rio grande,-32.035,-52.0986,55.94,90,100,6.76,BR,1722764618
154,severnoye,56.3491,78.3619,74.93,64,100,9.46,RU,1722764870
155,morondava,-20.2833,44.2833,77.14,39,0,9.48,MG,1722764871
156,caleta de carquin,-11.0925,-77.6267,60.57,86,55,7.65,PE,1722764872
157,punta arenas,-53.15,-70.9167,32.11,86,100,5.75,CL,1722764605
158,plastun,44.7561,136.2939,59.76,88,100,2.39,RU,1722764875
159,vorkuta,67.5,64.0,62.62,57,86,11.25,RU,1722764876
160,saint-philippe,-21.3585,55.7679,76.59,70,14,7.67,RE,1722764877
161,howard springs,-12.497,131.047,78.71,68,26,6.29,AU,1722764878
162,pucheng,27.9233,118.5333,79.83,90,44,4.16,CN,1722764879
163,olonkinbyen,70.9221,-8.7187,40.64,98,100,7.49,SJ,1722764880
164,bukama,-9.2,25.85,95.23,14,6,3.06,CD,1722764882
165,puerto deseado,-47.7503,-65.8938,37.62,88,99,2.98,AR,1722764883
166,khanbari,27.3747,87.2039,87.82,68,49,5.48,NP,1722764884
167,oyama,36.3,139.8,92.59,46,75,7.29,JP,1722764885
168,rongelap,11.1635,166.8941,83.57,76,20,9.06,MH,1722764886
169,hawaiian paradise park,19.5933,-154.9731,72.91,99,100,5.75,US,1722764887
170,kayangel,8.0823,134.7173,83.48,76,100,10.67,PW,1722764888
171,ponta delgada,37.7333,-25.6667,74.12,73,20,5.75,PT,1722764890
172,chingirlau,51.095,54.0814,84.15,29,49,11.36,KZ,1722764891
173,kiunga,-6.1219,141.2906,73.26,97,100,2.42,PG,1722764892
174,acarau,-2.8856,-40.12,74.05,79,0,12.1,BR,1722764893
175,ilulissat,69.2167,-51.1,46.42,66,82,6.91,GL,1722764894
176,odienne,9.51,-7.5692,73.8,91,100,1.97,CI,1722764895
177,kushikino,31.7167,130.2667,88.05,85,61,3.65,JP,1722764896
178,ribeira grande,38.5167,-28.7,79.2,83,20,11.5,PT,1722764898
179,alotau,-10.3069,150.4462,72.95,91,100,6.46,PG,1722764899
180,holualoa,19.6228,-155.9522,71.55,93,8,2.33,US,1722764900
181,puerto baquerizo moreno,-0.9,-89.6,66.07,86,31,9.64,EC,1722764901
182,san luis de la loma,17.2706,-100.8939,76.26,89,99,6.08,MX,1722764902
183,new norfolk,-42.7826,147.0587,49.5,91,20,3.22,AU,1722764903
184,yuzhno-kurilsk,44.0306,145.8556,63.54,99,100,1.92,RU,1722764905
185,lebu,-37.6167,-73.65,45.88,92,100,8.79,CL,1722764906
186,gordes,38.9328,28.2894,94.15,16,0,6.51,TR,1722764907
187,vuktyl,63.8567,57.3094,74.23,51,38,12.01,RU,1722764908
188,timmins,48.4669,-81.3331,57.02,100,75,2.3,CA,1722764822
189,minas de marcona,-15.2119,-75.1103,49.03,91,13,7.07,PE,1722764911
190,kingston,17.997,-76.7936,83.35,79,20,6.91,JM,1722764843
191,businga,3.3333,20.8833,77.43,76,98,3.98,CD,1722764913
192,avarua,-21.2078,-159.775,62.65,82,29,4.61,CK,1722764916
193,vila velha,-20.3297,-40.2925,67.95,98,40,2.3,BR,1722764917
194,fort bragg,35.139,-79.006,73.24,94,100,9.22,US,1722764918
195,vila franca do campo,37.7167,-25.4333,73.81,62,0,2.19,PT,1722764919
196,saint-francois,46.4154,3.9054,72.84,64,75,4.61,FR,1722764921
197,port elizabeth,-33.918,25.5701,65.1,58,0,29.93,ZA,1722764922
198,taoudenni,22.6783,-3.9836,104.27,22,0,13.33,ML,1722764924
199,urangan,-25.3,152.9,64.65,67,36,11.01,AU,1722764927
200,st. john's,47.5649,-52.7093,67.39,92,75,14.97,CA,1722764717
201,kurumkan,54.3,110.3,78.93,37,22,8.21,RU,1722764930
202,langsa,4.4683,97.9683,76.46,93,100,0.81,ID,1722764931
203,sydney,-33.8679,151.2073,55.36,79,100,1.01,AU,1722764932
204,masuda,34.6667,131.85,86.27,79,75,5.75,JP,1722764933
205,okha,53.5739,142.9478,55.11,71,1,9.75,RU,1722764935
206,zhangatas,43.5667,69.75,93.38,14,0,14.7,KZ,1722764936
207,esmeralda,21.8525,-78.1169,75.24,90,100,3.8,CU,1722764937
208,karamay,45.6004,84.8661,103.19,11,15,17.74,CN,1722764938
209,ulaangom,49.9811,92.0667,69.51,57,94,7.29,MN,1722764939
210,zouerate,22.7187,-12.4521,89.94,37,66,11.27,MR,1722764941
211,carbonear,47.7332,-53.2148,68.61,98,100,10.29,CA,1722764942
212,east end,34.5507,-92.341,73.71,93,17,3.8,US,1722764943
213,gangtok,27.3333,88.6167,76.64,87,97,3.78,IN,1722764944
214,margate,51.3813,1.3862,66.9,67,100,1.86,GB,1722764946
215,anna regina,7.2644,-58.5077,75.4,90,44,2.48,GY,1722764947
216,waat,51.1454,6.4958,70.39,79,20,6.91,DE,1722764948
217,dudinka,69.4058,86.1778,63.46,39,0,15.52,RU,1722764949
218,nuuk,64.1835,-51.7216,34.41,100,100,6.91,GL,1722764711
219,mataram,-8.5833,116.1167,83.21,75,16,14.88,ID,1722764952
220,oamaru,-45.0784,170.9801,40.37,67,100,7.11,NZ,1722764953
221,baardheere,2.3446,42.2764,86.23,47,88,13.76,SO,1722764954
222,lata,40.1629,-8.3327,81.48,50,0,4.23,PT,1722764956
223,fisterra,42.9049,-9.2629,75.02,82,1,15.03,ES,1722764958
224,pochinok,54.4068,32.4407,71.4,52,1,7.34,RU,1722764959
225,darzab,35.9774,65.3783,89.55,14,0,11.7,AF,1722764961
226,ancud,-41.8697,-73.8203,46.35,89,100,8.72,CL,1722764962
227,roma,43.2128,-75.4557,72.52,99,40,0.0,US,1722764963
228,nyrob,60.733,56.7202,61.21,95,100,1.25,RU,1722764964
229,uxbridge,42.0773,-71.6295,74.3,92,100,1.99,US,1722764778
230,nar'yan-mar,67.6713,53.087,62.92,53,3,20.56,RU,1722764967
231,goundi,9.3627,17.366,72.86,93,100,6.02,TD,1722764968
232,middle island,40.8843,-72.9373,74.84,94,40,5.75,US,1722764970
233,fallon,39.4735,-118.7774,70.92,39,14,6.53,US,1722764971
234,lobujya,27.95,86.8167,42.06,94,100,5.46,NP,1722764972
235,diu,20.7141,70.9822,83.48,81,100,22.46,IN,1722764931
236,tokoroa,-38.2333,175.8667,37.26,94,100,1.66,NZ,1722764975
237,weno,7.4515,151.8468,84.15,79,40,4.61,FM,1722764976
238,oshawa,43.9001,-78.8496,68.92,99,0,0.0,CA,1722764730
239,chonchi,-42.6128,-73.8092,46.11,99,100,2.53,CL,1722764978
240,vyksa,55.3175,42.1744,73.11,56,100,6.96,RU,1722764979
241,remire-montjoly,4.9167,-52.2667,73.44,100,0,1.14,GF,1722764981
242,sitka,57.0531,-135.33,57.09,82,40,5.75,US,1722764982
243,kalach,50.4258,41.0261,76.46,44,100,10.13,RU,1722764983
244,itoman,26.1247,127.6694,87.82,77,20,8.05,JP,1722764985
245,natal,-5.795,-35.2094,70.45,94,40,6.91,BR,1722764986
246,sierra grande,-41.606,-65.3557,45.59,54,65,10.78,AR,1722764987
247,mount gambier,-37.8333,140.7667,44.24,92,100,2.3,AU,1722764988
248,great falls,47.5002,-111.3008,68.45,66,0,11.5,US,1722764783
249,la'ie,21.6477,-157.9253,78.76,81,71,3.0,US,1722764991
250,codrington,-38.2667,141.9667,46.06,81,100,6.17,AU,1722764992
251,brits,-25.6347,27.7802,72.18,21,0,12.95,ZA,1722764993
252,jiazi,22.8779,116.067,85.77,80,14,9.89,CN,1722764995
253,juegang,32.3174,121.1855,87.08,78,12,11.1,CN,1722764996
254,rikaze,29.25,88.8833,76.42,23,40,9.86,CN,1722764997
255,cape coast,5.1053,-1.2466,78.1,75,100,7.4,GH,1722764998
256,huarmey,-10.0681,-78.1522,60.87,88,36,7.38,PE,1722764999
257,kirovsk,48.6375,38.6428,92.03,22,92,11.61,UA,1722765001
258,schwarzenbach an der saale,50.2167,11.9333,69.67,81,79,11.36,DE,1722765002
259,choma,-16.8065,26.9531,80.87,7,3,9.35,ZM,1722765003
260,puerto quijarro,-17.7833,-57.7667,73.24,42,78,1.88,BO,1722765004
261,verkhnevilyuysk,63.4453,120.3167,71.71,48,94,3.27,RU,1722765006
262,cidreira,-30.1811,-50.2056,58.87,95,99,9.28,BR,1722764751
263,mahina,-17.5065,-149.489,73.17,73,100,4.61,PF,1722765008
264,ust-nera,64.5667,143.2,58.05,60,99,4.27,RU,1722765009
265,anadyr,64.75,177.4833,43.3,93,100,17.9,RU,1722765011
266,salamanca,40.8333,-6.0,82.99,21,0,6.13,ES,1722765012
267,charters towers,-20.1,146.2667,61.32,66,18,12.59,AU,1722765013
268,peniche,39.3558,-9.3811,75.2,80,0,15.39,PT,1722765014
269,ilhabela,-23.7781,-45.3581,68.52,67,0,4.36,BR,1722765016
270,kirakira,-10.4544,161.9205,79.14,87,86,10.94,SB,1722765017
271,cannonvale,-20.2833,148.7,67.39,77,43,14.47,AU,1722765019
272,burao,9.5221,45.5336,83.12,42,40,27.65,SO,1722765021
273,nabire,-3.3667,135.4833,78.48,89,99,1.72,ID,1722765022
274,mormugao,15.4,73.8,83.46,79,75,14.97,IN,1722765023
275,watsa,3.0372,29.5355,80.73,57,61,4.45,CD,1722765024
276,porbandar,21.6422,69.6093,84.18,84,100,16.11,IN,1722765026
277,vorgashor,67.5833,63.95,64.38,52,70,12.57,RU,1722765027
278,san antonio,29.4241,-98.4936,82.51,75,0,4.61,US,1722764781
279,uturoa,-16.7333,-151.4333,76.06,74,100,16.93,PF,1722765029
280,guercif,34.2257,-3.3536,90.88,23,1,6.53,MA,1722765031
281,bilecik,40.0,30.1667,86.68,21,0,9.53,TR,1722765032
282,senanga,-16.1167,23.2667,90.05,11,3,4.41,ZM,1722765033
283,laguna,38.421,-121.4238,78.4,51,0,5.75,US,1722765034
284,gadzhiyevo,69.2551,33.3362,59.77,66,6,13.22,RU,1722765036
285,pacific grove,36.6177,-121.9166,58.87,97,100,14.0,US,1722765037
286,quellon,-43.1167,-73.6167,45.16,95,100,5.97,CL,1722765038
287,island harbour,50.724,-1.2758,68.18,74,99,3.0,GB,1722765039
288,hammerfest,70.6634,23.6821,72.05,43,0,6.91,NO,1722765041
289,salalah,17.0151,54.0924,84.29,79,75,5.75,OM,1722764882
290,byron bay,-28.65,153.6167,58.71,75,94,4.61,AU,1722765044
291,sumbawa besar,-8.5,117.4333,81.46,58,61,3.96,ID,1722765046
292,iguape,-24.7081,-47.5553,63.99,83,3,4.99,BR,1722764811
293,newman,37.3138,-121.0208,80.83,39,0,5.53,US,1722765048
294,jalgaon jamod,21.0486,76.5344,76.1,93,100,13.38,IN,1722765049
295,sungai penuh,-2.0833,101.3833,70.27,95,93,1.21,ID,1722765051
296,bubaque,11.2833,-15.8333,78.49,87,100,16.53,GW,1722765052
297,i-n-salah,27.1935,2.4607,107.85,6,2,5.82,DZ,1722765053
298,zahirabad,17.6833,77.6167,77.85,78,100,16.31,IN,1722765054
299,hilo,19.7297,-155.09,73.13,99,100,5.75,US,1722765055
300,bhan,26.5583,67.7214,91.53,56,100,7.29,PK,1722765057
301,chandler,33.3062,-111.8412,95.59,36,0,9.22,US,1722765058
302,constantia,44.1833,28.65,84.88,56,38,13.89,RO,1722765059
303,cobija,-11.0267,-68.7692,70.93,75,0,2.33,BO,1722765060
304,amga,60.8953,131.9608,64.18,53,98,5.57,RU,1722765063
305,nafada,11.0956,11.3327,84.15,62,95,13.27,NG,1722765064
306,susuman,62.7833,148.1667,56.79,46,95,3.04,RU,1722765065
307,taksimo,56.3444,114.8794,62.28,77,100,2.82,RU,1722765067
308,ust-tsilma,65.441,52.1498,61.23,76,100,9.86,RU,1722765068
309,aykhal,66.0,111.5,68.85,38,79,9.44,RU,1722765021
310,glubokoye,50.1456,82.3114,83.95,34,20,8.95,KZ,1722765070
311,chernyshevskiy,63.0128,112.4714,71.51,37,19,5.95,RU,1722765072
312,erdenet,49.0333,104.0833,72.82,69,16,6.91,MN,1722765073
313,fale old settlement,-9.3852,-171.2468,81.99,80,76,13.6,TK,1722765074
314,egilsstadir,65.2653,-14.3948,46.31,100,40,9.22,IS,1722765076
315,jiwani,25.05,61.7417,83.75,80,100,13.82,PK,1722765077
316,buellton,34.6136,-120.1927,59.59,100,0,0.0,US,1722765078
317,urucara,-2.5364,-57.76,71.53,70,25,2.42,BR,1722765079
318,sampit,-2.5333,112.95,81.73,71,9,7.74,ID,1722765080
319,shenjiamen,29.9576,122.298,84.07,86,0,9.84,CN,1722765082
320,floro,61.5996,5.0328,58.96,82,100,16.11,NO,1722765083
321,nyurba,63.2842,118.3319,71.96,49,90,4.0,RU,1722765085
322,princeville,45.7668,-61.2985,72.54,95,100,6.91,CA,1722765086
323,brokopondo,4.75,-55.1667,76.37,88,18,8.39,SR,1722765087
324,isangel,-19.55,169.2667,68.14,62,0,12.71,VU,1722765090
325,san jose de jachal,-30.2406,-68.7469,43.05,25,1,3.24,AR,1722765091
326,tangalle,6.024,80.7911,95.16,64,61,17.74,LK,1722765092
327,tura,25.5198,90.2201,83.66,83,64,6.53,IN,1722765093
328,darien,41.752,-87.974,71.46,86,0,5.75,US,1722765095
329,sola,-13.8833,167.55,75.87,88,75,11.5,VU,1722765096
330,rodolfo sanchez taboada,31.7167,-116.5667,65.1,76,5,3.0,MX,1722765099
331,nema,57.5067,50.5011,75.49,53,56,8.84,RU,1722765100
332,kolosovka,56.4678,73.611,78.64,53,47,6.67,RU,1722765101
333,antsiranana,-12.2787,49.2917,86.76,30,20,11.5,MG,1722765102
334,klyuchi,52.2667,79.1667,85.91,26,71,9.71,RU,1722765103
335,petrozavodsk,61.7849,34.3469,62.06,82,75,8.95,RU,1722765105
336,argo,37.6333,22.7333,86.79,22,3,8.21,GR,1722765106
337,hancheng,32.5186,112.3522,92.93,72,95,3.22,CN,1722765107
338,pionerskiy,54.9508,20.2275,71.44,72,96,9.28,RU,1722765108
339,baganga,7.5739,126.56,82.08,88,80,6.67,PH,1722765110
340,khadan khak,30.7477,67.7085,79.92,55,100,9.33,PK,1722765111
341,tobelo,1.7284,128.0095,80.78,81,82,3.22,ID,1722765027
342,lazaro cardenas,17.9583,-102.2,76.23,86,97,5.82,MX,1722765113
343,jajpur,20.85,86.3333,95.18,46,97,9.53,IN,1722765115
344,nemuro,43.3236,145.575,64.47,95,100,7.18,JP,1722765116
345,belmonte,-15.8631,-38.8828,71.24,88,43,5.57,BR,1722765117
346,peace river,56.2501,-117.286,53.91,87,100,2.3,CA,1722765118
347,tolanaro,-25.0319,46.9987,78.87,57,20,11.5,MG,1722765120
348,san kamphaeng,18.7449,99.1195,89.62,62,40,4.61,TH,1722765121
349,angaur state,6.906,134.13,84.42,74,100,10.98,PW,1722765122
350,sao marcos,-28.9711,-51.0681,62.2,82,94,2.37,BR,1722765124
351,nouadhibou,20.931,-17.0347,78.78,89,100,10.36,MR,1722765125
352,viisoara,46.55,23.9167,67.6,81,100,7.05,RO,1722765126
353,adrar,20.5022,-10.0711,90.28,48,27,13.38,MR,1722765128
354,karkira,36.9292,6.5856,88.39,40,0,9.28,DZ,1722765129
355,port moresby,-9.4431,147.1797,78.22,78,40,17.27,PG,1722765130
356,kuqa,41.7278,82.9364,81.9,39,100,13.67,CN,1722765132
357,glace bay,46.1969,-59.957,72.9,95,75,5.75,CA,1722765133
358,lawton,34.6087,-98.3903,75.11,65,46,1.99,US,1722765134
359,moron,-34.6534,-58.6198,53.96,68,74,24.0,AR,1722765135
360,salinopolis,-0.6136,-47.3561,78.69,82,2,10.74,BR,1722765137
361,pisco,-13.7,-76.2167,59.05,88,100,1.14,PE,1722765138
362,thal,35.4791,72.2439,68.32,79,100,4.79,PK,1722765140
363,hwange,-18.3693,26.5019,81.14,20,5,8.05,ZW,1722765142
364,imbituba,-28.24,-48.6703,67.86,80,2,8.48,BR,1722765143
365,port alfred,-33.5906,26.891,67.17,60,19,11.01,ZA,1722765144
366,pilar,-9.5972,-35.9567,69.73,89,66,10.18,BR,1722765145
367,kuta,-8.7233,115.1723,82.35,78,20,11.5,ID,1722765147
368,lensk,60.7253,114.9278,69.46,61,100,7.99,RU,1722765148
369,prineville,44.2999,-120.8345,70.11,76,75,0.0,US,1722765149
370,hargeysa,9.56,44.065,80.53,44,23,22.91,SO,1722765150
371,broome,42.2506,-75.833,69.85,89,100,1.99,US,1722765151
372,mugia,43.1041,-9.2179,75.16,80,0,11.45,ES,1722765153
373,tabuk,17.4189,121.4443,79.48,91,100,6.46,PH,1722765154
374,bandar,2.05,99.75,76.86,89,100,1.92,ID,1722765155
375,qusmuryn,52.4503,64.6311,77.5,40,46,15.82,KZ,1722765157
376,brookings,44.3114,-96.7984,69.06,98,100,9.22,US,1722765158
377,melekeok village,7.4957,134.6367,84.76,79,75,8.05,PW,1722765160
378,haiku-pauwela,20.9219,-156.3051,74.25,85,20,12.66,US,1722765161
379,northam,51.0333,-4.2167,65.61,81,100,10.56,GB,1722765162
380,nyandoma,61.669,40.1991,71.19,56,92,5.37,RU,1722765163
381,touros,-5.1989,-35.4608,74.3,81,2,12.8,BR,1722765164
382,san juan de miraflores,-12.1629,-76.9635,61.18,85,66,4.05,PE,1722765167
383,penzance,50.1186,-5.5371,66.88,73,99,13.67,GB,1722765168
384,mil'kovo,55.6078,37.7956,76.62,52,28,6.85,RU,1722765169
385,vilyuysk,63.7553,121.6247,72.1,41,95,5.03,RU,1722765171
386,port saint john's,-31.6229,29.5448,88.74,31,77,8.59,ZA,1722765172
387,nova sintra,14.8667,-24.7167,79.74,76,100,4.59,CV,1722765173
388,baidoa,3.1138,43.6498,83.21,47,95,15.99,SO,1722765174
389,tucupita,9.0622,-62.051,73.4,99,70,2.57,VE,1722765176
390,oranjemund,-28.55,16.4333,60.21,66,62,19.39,NA,1722765177
391,fort st. john,56.2499,-120.8529,57.09,72,75,6.91,CA,1722765178
392,bandundu,-3.3167,17.3667,96.3,26,34,4.97,CD,1722765179
393,college,64.8569,-147.8028,55.38,91,40,6.91,US,1722765180
394,at-bashi,41.1702,75.8106,85.06,19,13,12.3,KG,1722765182
395,kailua-kona,19.6406,-155.9956,75.27,94,7,2.1,US,1722765183
396,ketchikan,55.3422,-131.6461,61.27,67,0,4.61,US,1722765184
397,thames,-37.1333,175.5333,45.37,88,99,4.36,NZ,1722765185
398,ghazipur,25.5833,83.5667,93.65,53,60,9.33,IN,1722765187
399,skare,55.3833,13.05,67.98,88,100,13.82,SE,1722765188
400,tromso,69.6496,18.957,69.82,52,0,3.44,NO,1722765189
401,pamandzi,-12.7967,45.2794,83.98,61,20,14.97,YT,1722765190
402,rio do sul,-27.2142,-49.6431,58.77,96,32,0.83,BR,1722765191
403,tamale,9.4008,-0.8393,82.22,67,86,9.69,GH,1722765193
404,hassi messaoud,31.6804,6.0729,94.86,29,0,11.5,DZ,1722765194
405,gazli,40.1333,63.45,100.62,12,52,18.66,UZ,1722765195
406,peruibe,-24.32,-46.9983,65.17,71,0,4.38,BR,1722765196
407,slawharad,53.4446,31.0014,75.0,41,4,7.96,BY,1722765198
408,bardai,11.65,7.2333,78.94,66,73,16.6,NG,1722765199
409,dizangue,3.7667,9.9833,76.41,84,100,5.03,CM,1722765200
410,merizo village,13.2658,144.6691,80.98,93,100,12.39,GU,1722765202
411,mitu,1.1983,-70.1733,70.66,99,82,0.13,CO,1722765203
412,boa vista,2.8197,-60.6733,76.98,88,20,3.44,BR,1722765204
413,phillip island,-38.4835,145.231,48.0,62,100,7.29,AU,1722765205
414,raymond terrace,-32.75,151.75,53.96,87,100,0.0,AU,1722765207
415,naze,28.3667,129.4833,85.12,80,3,9.51,JP,1722765208
416,mao,39.8885,4.2658,84.76,42,0,17.27,ES,1722765209
417,burley,42.5357,-113.7928,76.3,54,0,9.22,US,1722765210
418,pitimbu,-7.4706,-34.8086,75.79,77,23,18.1,BR,1722765211
419,phan rang-thap cham,11.5667,108.9833,87.22,68,100,8.3,VN,1722765214
420,vallenar,-28.5708,-70.7581,52.59,73,100,1.77,CL,1722765215
421,walvis bay,-22.9575,14.5053,60.1,67,100,4.61,NA,1722765216
422,myeik,12.4333,98.6,81.88,82,97,5.39,MM,1722765218
423,santa ana,33.7456,-117.8678,75.45,91,0,4.61,US,1722765216
424,lethem,3.3803,-59.7968,75.02,89,99,4.56,GY,1722765220
425,kzyltu,53.6364,72.3414,76.32,47,100,13.11,KZ,1722765221
426,ribadeo,43.5325,-7.0991,72.25,58,0,4.16,ES,1722765222
427,masterton,-40.9597,175.6575,38.88,94,77,2.8,NZ,1722765224
428,lamu,-2.2717,40.902,77.22,68,72,15.5,KE,1722765225
429,taltal,-25.4,-70.4833,56.28,78,0,2.89,CL,1722765226
430,nagqu,31.5,92.0,63.0,36,78,10.78,CN,1722765227
431,labytnangi,66.6572,66.4183,57.74,81,100,20.65,RU,1722765229
432,tabou,4.423,-7.3528,77.81,78,100,7.29,CI,1722765230
433,kuching,1.55,110.3333,86.04,82,76,3.13,MY,1722764934
434,sikandra,26.3667,79.65,86.9,68,97,21.5,IN,1722765232
435,kendari,-3.945,122.4989,75.94,88,65,2.08,ID,1722765233
436,prince rupert,54.3161,-130.3201,58.69,91,36,8.05,CA,1722765235
437,woodland,38.6785,-121.7733,76.6,59,0,10.36,US,1722765236
438,papao,-17.75,-149.55,73.08,69,91,13.69,PF,1722765237
439,sakti,22.0333,82.9667,84.18,72,92,12.82,IN,1722765239
440,cabedelo,-6.9811,-34.8339,75.87,75,54,17.67,BR,1722765240
441,saudarkrokur,65.7461,-19.6394,56.57,61,5,3.38,IS,1722765241
442,el-tor,28.2364,33.6254,89.74,66,27,18.41,EG,1722765242
443,gamba,-2.65,10.0,74.48,64,100,6.6,GA,1722765243
444,motueka,-41.1333,173.0167,40.1,85,5,5.57,NZ,1722765245
445,formosa do rio preto,-11.0483,-45.1931,63.99,59,0,6.33,BR,1722765246
446,tazacorte,28.629,-17.9293,74.37,73,40,13.8,ES,1722765247
447,harrisonburg,38.4496,-78.8689,70.02,94,100,0.0,US,1722764964
448,paracatu,-17.2222,-46.8747,61.45,80,62,2.33,BR,1722765250
449,svobodnyy,51.4,128.1333,62.89,98,100,11.14,RU,1722765251
450,cizre,37.3272,42.1903,106.81,10,0,4.61,TR,1722765252
451,novobod,39.0108,70.1508,87.84,20,1,3.44,TJ,1722765254
452,kindia,10.0569,-12.8658,70.41,99,100,0.58,GN,1722765255
453,havre,49.5833,0.3333,66.34,72,75,10.36,FR,1722765256
454,jining,35.405,116.5814,89.42,78,17,9.91,CN,1722765257
455,medicine hat,50.0501,-110.6683,66.63,56,0,8.05,CA,1722765240
456,namie,37.4833,141.0,84.54,84,19,7.52,JP,1722765260
457,bozhou,33.8772,115.7703,90.43,74,15,9.42,CN,1722765261
458,eureka,40.8021,-124.1637,61.66,96,100,2.33,US,1722765039
459,thohoyandou,-22.9456,30.485,86.61,12,0,8.7,ZA,1722765263
460,ushtobe,45.2514,77.9838,100.87,13,0,14.07,KZ,1722765264
461,howrah,22.5892,88.3103,91.4,70,75,11.5,IN,1722765266
462,palikir - national government center,6.9248,158.1611,81.34,83,20,4.61,FM,1722765268
463,kwale,5.7063,6.4374,84.29,64,64,3.74,NG,1722765269
464,hirado,33.3597,129.5531,86.43,81,0,8.97,JP,1722765011
465,alavus,62.5833,23.6167,67.69,63,100,2.95,FI,1722765272
466,springs,-26.25,28.4,68.34,51,1,19.55,ZA,1722765273
467,jawf al maqbabah,13.8378,45.8349,89.96,39,80,11.92,YE,1722765274
468,cronulla,-34.05,151.15,55.92,84,100,2.91,AU,1722765276
469,geraldton,-28.7667,114.6,61.21,72,0,5.75,AU,1722765277
470,obo,5.3998,26.4869,83.75,61,62,5.41,CF,1722765279
471,birjand,32.8663,59.2211,102.67,6,0,13.8,IR,1722765280
472,meulaboh,4.1363,96.1285,80.56,79,100,8.72,ID,1722765282
473,hotan,37.0997,79.9269,99.84,15,54,12.12,CN,1722765283
474,east london,-33.0153,27.9116,65.34,72,0,29.93,ZA,1722765284
475,kas,36.2018,29.6377,91.72,50,0,5.84,TR,1722765285
476,bereznik,62.8551,42.7072,73.0,56,44,10.09,RU,1722765286
477,kyshtovka,56.555,76.6271,76.98,63,100,7.29,RU,1722765288
478,impfondo,1.6381,18.0667,87.85,49,96,5.53,CG,1722765289
479,lucas,41.6501,-83.6666,66.99,93,0,0.0,US,1722765290
480,minggang,32.4586,114.0486,89.73,71,3,13.78,CN,1722765291
481,childress,34.4264,-100.204,79.05,47,75,3.44,US,1722765293
482,bechar,31.6167,-2.2167,98.92,8,4,8.05,DZ,1722765294
483,chinde,26.8212,87.7095,83.41,81,74,4.0,NP,1722765298
484,tashtagol,52.7657,87.8894,69.73,72,84,8.7,RU,1722765299
485,wewak,-3.5534,143.6268,79.41,88,100,10.2,PG,1722765300
486,tosontsengel,48.7567,98.2839,78.87,20,8,8.84,MN,1722765301
487,yartsevo,55.0667,32.6964,72.91,46,17,6.02,RU,1722765304
488,chekmagush,55.1319,54.6556,72.28,65,36,14.79,RU,1722765305
489,umm kaddadah,13.6017,26.6876,81.1,61,100,10.54,SD,1722765306
490,ryotsu-minato,38.0833,138.4333,79.25,87,4,3.51,JP,1722765308
491,adh dhibiyah,24.5014,45.9686,105.46,10,92,7.14,SA,1722765309
492,sinabang,2.4803,96.3801,78.28,85,100,10.27,ID,1722765310
493,praia da vitoria,38.7333,-27.0667,77.76,78,20,5.17,PT,1722765311
494,znamenskoye,57.1281,73.8282,79.27,46,17,7.92,RU,1722765313
495,ambovombe,-25.1667,46.0833,74.8,58,7,7.85,MG,1722765314
496,lockwood,45.8191,-108.4149,78.69,40,100,8.05,US,1722765315
497,sarangani,5.4033,125.4636,84.22,75,64,14.63,PH,1722765316
498,victoria point,-27.5833,153.3,63.91,70,100,8.28,AU,1722765317
499,al jumum,21.6169,39.6981,104.63,25,66,10.42,SA,1722765319
500,mpika,-11.8343,31.4529,76.78,22,7,10.6,ZM,1722765320
501,pimenta bueno,-11.6725,-61.1936,70.18,54,0,2.93,BR,1722765321
502,tindouf,27.6711,-8.1474,102.65,10,53,8.05,DZ,1722765322
503,palmer,42.1584,-72.3287,72.95,82,100,5.75,US,1722765324
504,jieshou,33.2634,115.3611,90.73,74,0,8.68,CN,1722765325
505,teshi old town,5.5836,-0.1072,81.16,78,75,10.36,GH,1722765326
506,canutama,-6.5339,-64.3831,75.04,66,63,1.21,BR,1722765327
507,escuinapa,22.85,-105.8,79.52,86,99,3.11,MX,1722765329
508,puerto la cruz,10.2167,-64.6167,77.43,78,100,4.18,VE,1722765330
509,bikin,46.8161,134.26,72.01,86,19,3.0,RU,1722765331
510,puerto aysen,-45.4,-72.7,39.52,100,100,1.9,CL,1722765300
511,lundazi,-12.2929,33.1782,83.17,17,27,8.68,ZM,1722765334
512,cidade velha,14.9167,-23.6167,79.27,89,75,3.44,CV,1722765335
513,guozhen,34.3659,107.359,92.3,46,0,10.78,CN,1722765336
514,trincomalee,8.5711,81.2335,81.91,83,39,5.99,LK,1722765339
515,bealanana,-14.55,48.7333,78.57,15,6,6.93,MG,1722765340
516,lubang,13.8584,120.124,84.61,73,91,12.68,PH,1722765341
517,goundam,16.4145,-3.6708,87.53,55,78,19.69,ML,1722765343
518,mukalla,14.5425,49.1242,95.04,46,23,31.32,YE,1722765344
519,chapada dos guimaraes,-15.4606,-55.7497,65.86,42,0,6.87,BR,1722765345
520,chom bueng,13.62,99.5917,82.98,74,100,1.66,TH,1722765346
521,la ronge,55.1001,-105.2842,55.65,88,75,2.3,CA,1722765347
522,kitale,1.0157,35.0062,72.07,61,71,6.53,KE,1722765349
523,kirensk,57.7853,108.1119,74.34,55,78,4.07,RU,1722765350
524,hechuan,29.9947,106.2572,88.29,85,100,2.98,CN,1722765351
525,jalalabad,34.4265,70.4515,90.72,48,100,8.1,AF,1722765352
526,tayu,-6.5397,111.0518,81.91,73,26,7.72,ID,1722765353
527,kitgum,3.2783,32.8867,79.75,70,82,3.0,UG,1722765355
528,karasburg,-28.0167,18.75,55.76,45,37,23.98,NA,1722765356
529,naples manor,26.0887,-81.7262,80.04,96,75,14.97,US,1722765060
530,kolpashevo,58.3131,82.9089,77.29,62,100,4.45,RU,1722765358
531,pyshma,56.9523,63.2513,73.8,56,17,7.23,RU,1722765360
532,luderitz,-26.6481,15.1594,61.97,61,56,8.08,NA,1722765361
533,cricova,47.1389,28.8619,71.13,75,98,17.16,MD,1722765362
534,port blair,11.6667,92.75,84.24,79,75,6.91,IN,1722765363
535,viransehir,37.2353,39.7631,103.17,8,0,5.77,TR,1722765365
536,manokwari,-0.8667,134.0833,79.68,80,84,0.89,ID,1722765366
537,aracati,-4.5617,-37.7697,70.56,74,0,7.96,BR,1722765368
538,bodo,67.28,14.405,72.95,65,0,17.27,NO,1722765370
539,starobaltachevo,56.0013,55.9213,69.82,76,93,10.31,RU,1722765371
540,dunedin,-45.8742,170.5036,43.81,66,100,5.37,NZ,1722765372
541,pathalgaon,22.5667,83.4667,77.81,86,93,10.8,IN,1722765373
542,vila do maio,15.1333,-23.2167,79.59,80,96,3.65,CV,1722765375
543,tagiura,32.8817,13.3506,93.42,40,0,11.68,LY,1722765376
544,lascano,-33.6667,-54.2,48.56,83,74,5.06,UY,1722765377
545,kabalo,-6.05,26.9167,95.09,16,68,6.44,CD,1722765378
546,sunne,59.8376,13.143,64.81,73,100,4.16,SE,1722765379
547,rosarito,32.3333,-117.0333,67.12,75,3,7.54,MX,1722765381
548,barra de santo antonio,-9.4047,-35.5072,72.68,78,82,18.43,BR,1722765382
549,karratha,-20.7377,116.8463,74.05,46,0,4.52,AU,1722765383
550,recani,31.2846,-4.2688,100.83,7,0,3.33,MA,1722765384
551,aioun,16.6614,-9.6149,82.72,69,86,9.89,MR,1722765385
552,taguatinga,-12.3857,-46.5711,69.6,52,0,10.13,BR,1722765387
553,yuxia,34.0615,108.6291,92.01,57,4,1.52,CN,1722765388
554,zhezqazghan,47.7833,67.7667,91.98,18,40,15.66,KZ,1722765389
555,mikhnevo,55.1272,37.9522,74.16,55,45,6.04,RU,1722765390
556,timaru,-44.4,171.25,35.69,79,91,5.53,NZ,1722765391
557,ukata,10.8312,5.8249,73.72,87,100,7.43,NG,1722765393
558,salinas,36.6777,-121.6555,61.54,94,100,9.22,US,1722765394
559,iturama,-19.7281,-50.1956,66.38,55,0,7.56,BR,1722765395
560,achinsk,56.2694,90.4993,72.66,84,100,7.65,RU,1722765230
561,sodra sandby,56.5667,16.6167,73.26,78,98,6.2,SE,1722765398
562,san patricio,28.017,-97.5169,82.24,89,2,4.43,US,1722765399
563,al qusayr,34.5091,36.5798,95.5,25,0,19.06,SY,1722765400
564,novodvinsk,64.4165,40.8122,67.75,44,24,6.69,RU,1722765401
565,zhangjiakou shi xuanhua qu,40.6103,115.0447,79.16,75,32,1.83,CN,1722765403
566,sao felix do xingu,-6.6447,-51.995,65.98,60,85,2.98,BR,1722765404
567,kargasok,59.0556,80.8572,67.75,93,94,9.01,RU,1722765405
568,pariaman,-0.619,100.12,87.85,79,95,3.06,ID,1722765406
569,namdrik,5.5994,168.1028,84.45,71,43,11.72,MH,1722765407
570,tokar,18.4254,37.729,105.94,26,94,21.61,SD,1722765409
571,poronaysk,49.2167,143.1167,53.53,84,0,2.39,RU,1722765410
572,shahzadpur,24.1667,89.6,89.82,66,87,10.92,BD,1722765411
573,sainyabuli,19.25,101.75,79.92,92,100,2.89,LA,1722765412
574,saint-joseph,-21.3667,55.6167,75.58,68,8,7.05,RE,1722765414
575,teluknaga,-6.0989,106.6381,88.18,66,40,11.5,ID,1722765415
